{"cameraMode":{"drawMode":0,"name":"Shaded","section":"Shading Mode"},"sceneLighting":true,"audioPlay":false,"sceneViewState":{"showFog":true,"showMaterialUpdate":false,"showSkybox":true,"showFlares":true,"showImageEffects":true,"showParticleSystems":true},"in2DMode":false,"pivot":{"x":1.03466796875,"y":2.8607177734375,"z":7.5390625},"rotation":{"x":0.03324878588318825,"y":-0.9177414178848267,"z":0.07865718752145767,"w":0.3879033327102661},"size":4.948877334594727,"orthographic":true}